[
		{
			"id": 1,
			"book" : "issues",
			"title": "வாழ்க்கை பிரச்சனைகள்",
			"folder": "myfriends",
			"index": "principle-chapters.json",
			"style": "AU-myfriends.css",
			"image": "issues.jpg",
			"format": "series",
			"instructions": ""
		},
		{ 
		    "id": 2,
			"book" : "basics",
			"title": "அடிப்படை உரையாடல்கள்",
			"folder": "myfriends",
			"index": "basics-chapters.json",
			"style": "AU-myfriends.css",
			"image": "basics.jpg",
			"format": "series",
			"instructions": ""			
		},
		{
			"id": 3,
			"book" : "community",
			"title": "சமுதாயமாக வாழ்வது",
			"folder": "myfriends",
			"page": "community",
			"style": "AU-myfriends.css",
			"image": "community.jpg",
			"format": "page"
		},
		{
			"id": 4,
			"book" : "firststeps",
			"title": "முதல் கட்டம்",
			"folder": "first_steps",
			"index": "first_steps-chapters.json",
			"style": "AU-fsteps.css",
			"image": "firststeps.jpg",
			"format": "series",
			"instructions": ""
		},
		{
			"id": 6,
			"book" : "about",
			"title": "பற்றி",
			"folder": "myfriends",
			"page": "community",
			"style": "AU-myfriends.css",
			"image": "about.jpg",
			"format": "page"
		}
		]