[
		{
			"id": 1,
			"book" : "issues",
			"title": "قضايا الحياة",
			"folder": "myfriends",
			"index": "principle-chapters.json",
			"style": "AU-myfriends.css",
			"image": "issues.jpg",
			"format": "series",
			"instructions": ""
		},
		{ 
		    "id": 2,
			"book" : "basics",
			"title": "المحادثات الأساسية",
			"folder": "myfriends",
			"index": "basics-chapters.json",
			"style": "AU-myfriends.css",
			"image": "basics.jpg",
			"format": "series",
			"instructions": ""			
		},
		{
			"id": 3,
			"book" : "community",
			"title": "المجتمع المباشر",
			"folder": "myfriends",
			"page": "community",
			"style": "AU-myfriends.css",
			"image": "community.jpg",
			"format": "page"
		},
		{
			"id": 4,
			"book" : "firststeps",
			"title": "الخطوات الأولى",
			"folder": "first_steps",
			"index": "first_steps-chapters.json",
			"style": "AU-fsteps.css",
			"image": "firststeps.jpg",
			"format": "series",
			"instructions": ""
		},
		{   
			"id": 5,
			"book" : "compass",
			"title": "بوصلة",
			"folder": "compass",
			"index": "compass-chapters.json",
			"style": "AU-compass.css",
			"image": "compass.jpg",
			"format": "series",
			"instructions": ""
		},
		{
			"id": 6,
			"book" : "about",
			"title": "نبذة",
			"folder": "myfriends",
			"page": "community",
			"style": "AU-myfriends.css",
			"image": "about.jpg",
			"format": "page"
		}
		]